Fold,Accuracy
1,0.9860833287239075
2,0.9865000247955322
3,0.9865833520889282
4,0.9872499704360962
5,0.987333357334137
