Fold,Accuracy
1,0.9863333106040955
2,0.984333336353302
3,0.9854999780654907
4,0.9878333210945129
5,0.9894166588783264
